"","name","count"
"1","cant wait see",84
"2","last thing i",6
"3","the last thing",8
"4","happy hump day",9
"5","just made day",4
"6","im glad i",14
"7","last four years",4
"8","i just saw",29
"9","can u follow",6
"10","hey hey hey",4
"11","looking forward seeing",30
"12","i hope get",8
"13","i dont know",206
"14","something i dont",6
"15","rt i think",5
"16","i guess ill",6
"17","well i guess",4
"18","i just dont",28
"19","just dont get",8
"20","on flip side",4
"21","getting work done",5
"22","i gotta get",4
"23","george w bush",13
"24","am i one",10
"25","i dont mind",11
"26","i dont like",47
"27","much i dont",4
"28","day i love",9
"29","i love working",4
"30","its great day",4
"31","look forward seeing",18
"32","i didnt i",4
"33","last time i",23
"34","i know thats",8
"35","right now i",38
"36","i cant wait",109
"37","today good day",5
"38","i guess i",52
"39","i cant stand",20
"40","i cant sleep",13
"41","time i see",8
"42","please please please",12
"43","lets make happen",5
"44","happy mothers day",87
"45","i cant get",20
"46","social media sites",6
"47","killing right now",5
"48","you can anything",4
"49","i dont go",6
"50","i swear i",13
"51","i want take",6
"52","dont want give",5
"53","the lucky one",5
"54","looking forward meeting",5
"55","wish us luck",5
"56","happy presidents day",5
"57","rock n roll",18
"58","i can sleep",4
"59","dont know i",44
"60","well i love",6
"61","i love much",21
"62","you know i",19
"63","i got home",12
"64","now thats i",4
"65","thats i call",5
"66","so much i",5
"67","hey i just",6
"68","i just met",4
"69","just met crazy",5
"70","met crazy heres",4
"71","can i buy",5
"72","where can i",5
"73","new york i",7
"74","happy birthday love",6
"75","just i love",4
"76","said happy birthday",4
"77","please feel free",5
"78","i hate i",16
"79","come join us",10
"80","a friend mine",6
"81","im going go",15
"82","i dont even",35
"83","i want go",29
"84","i just made",11
"85","i love you",32
"86","two days ago",4
"87","dont think i",25
"88","think i ever",8
"89","up all night",4
"90","i cant find",13
"91","can please follow",7
"92","just dont think",4
"93","pm central time",4
"94","i think thats",18
"95","i already know",8
"96","now i cant",9
"97","i think hes",15
"98","cant wait hear",14
"99","i want make",12
"100","i just need",15
"101","just need get",4
"102","now i just",17
"103","dont even know",27
"104","know much i",7
"105","much i want",4
"106","you dont even",4
"107","lets just say",6
"108","i cant make",8
"109","im sorry i",18
"110","next week i",5
"111","but doesnt mean",5
"112","doesnt mean i",6
"113","i dont wear",6
"114","mean i dont",7
"115","i just want",51
"116","jesus name amen",4
"117","question can i",4
"118","i believe will",9
"119","oh my god",11
"120","now i get",5
"121","i dont want",80
"122","i feel like",153
"123","can get one",4
"124","i can get",51
"125","im gonna start",4
"126","see can get",4
"127","no problem i",4
"128","happy new year",48
"129","doesnt get better",5
"130","just wanted let",9
"131","wanted let know",10
"132","one thing ive",6
"133","thing ive learned",4
"134","ive ever heard",5
"135","thing ive ever",4
"136","i dont need",28
"137","good luck i",4
"138","i know just",8
"139","how can i",24
"140","just doesnt seem",4
"141","one reasons i",5
"142","glad i got",7
"143","i got see",8
"144","whole wide world",4
"145","hope youre great",6
"146","i still havent",11
"147","i just got",39
"148","doesnt look like",4
"149","the best way",15
"150","now i know",22
"151","i hope people",5
"152","just realized i",13
"153","hope great week",7
"154","thanks everyone came",10
"155","i just came",5
"156","can still get",11
"157","i know ill",5
"158","i want right",4
"159","its beautiful day",9
"160","i guess im",8
"161","love much i",4
"162","thanks much follow",4
"163","blank my favorite",4
"164","i going start",4
"165","i think i",191
"166","think i going",6
"167","i look forward",34
"168","thanks following i",5
"169","i hate people",21
"170","love be afraid",4
"171","feel like ive",11
"172","i can say",34
"173","i love like",4
"174","i dont think",123
"175","i get follow",4
"176","like good idea",7
"177","seemed like good",4
"178","you can use",9
"179","i wish i",117
"180","feel like i",56
"181","i havent twitter",4
"182","i may even",4
"183","happy valentines day",11
"184","i took one",4
"185","just found i",5
"186","i just cant",26
"187","i got great",5
"188","have great week",9
"189","i look like",20
"190","dont think id",4
"191","i really want",30
"192","really want go",4
"193","thanks following back",4
"194","i always loved",6
"195","americas got talent",7
"196","i really enjoy",8
"197","it lot fun",4
"198","i knew i",45
"199","knew i wanted",6
"200","wish i knew",6
"201","please follow back",11
"202","i can help",20
"203","i wanna get",8
"204","but i cant",11
"205","i cant complain",5
"206","like right now",6
"207","luther king jr",14
"208","martin luther king",23
"209","omg i love",5
"210","i think im",37
"211","think im going",12
"212","what beautiful day",5
"213","it really hard",4
"214","i know really",5
"215","sounds like fun",4
"216","ive never one",4
"217","i think great",12
"218","i know i",128
"219","im sure i",22
"220","think i get",6
"221","yeah i think",5
"222","can i get",35
"223","much i love",25
"224","cant wait till",29
"225","she also said",11
"226","i never get",9
"227","know i never",4
"228","never get tired",5
"229","i really dont",20
"230","i spend time",5
"231","just dont know",8
"232","people just dont",4
"233","i think ive",12
"234","i havent seen",28
"235","when last time",8
"236","all i can",8
"237","haha yeah i",4
"238","i hear ya",10
"239","i admit i",17
"240","much never change",4
"241","go school i",4
"242","i cant go",8
"243","i forgot i",6
"244","oh im sorry",4
"245","cant wait go",10
"246","one best friends",5
"247","i just heard",11
"248","i can always",9
"249","were looking forward",5
"250","long since ive",4
"251","since ive seen",4
"252","i never thought",19
"253","never thought id",10
"254","have great weekend",20
"255","if youre going",12
"256","be sure check",5
"257","i need find",4
"258","can take care",4
"259","i just noticed",4
"260","make sure follow",4
"261","happy labor day",5
"262","i want try",4
"263","i will try",11
"264","dont know yet",4
"265","thanks for the",4
"266","when i came",4
"267","one day will",7
"268","know i love",18
"269","cant wait get",19
"270","we cant wait",12
"271","can i please",4
"272","can go back",7
"273","still cant believe",10
"274","i know well",7
"275","cinco de mayo",28
"276","first time i",28
"277","time i really",6
"278","just one day",6
"279","wish i can",4
"280","today last day",6
"281","feel better i",5
"282","i havent able",8
"283","makes feel better",5
"284","my favorite part",5
"285","i want meet",6
"286","please tell i",5
"287","the real housewives",4
"288","i hope enjoyed",6
"289","i want know",21
"290","see i want",4
"291","you see i",5
"292","hope youre well",7
"293","i love guys",9
"294","every time i",46
"295","time i thought",7
"296","account support please",4
"297","follow im big",5
"298","im big fan",11
"299","made account support",4
"300","please follow im",5
"301","support please follow",4
"302","dont want end",4
"303","really wish i",7
"304","i cant look",4
"305","u u can",4
"306","let know like",4
"307","good right now",7
"308","sounds good right",4
"309","thanks follow check",4
"310","i dont wanna",14
"311","my best friend",4
"312","i dont feel",15
"313","i cant believe",50
"314","whats best way",4
"315","one days i",4
"316","dont really know",7
"317","cant wait to",4
"318","but i dont",8
"319","i but i",7
"320","can work together",5
"321","i never expected",4
"322","mothers day moms",9
"323","so many things",7
"324","i hate feeling",6
"325","one i know",4
"326","why i like",4
"327","past present future",4
"328","i can just",23
"329","long will take",6
"330","god loves us",4
"331","youd like see",4
"332","happy birthday hope",6
"333","just got new",8
"334","i must say",10
"335","say i think",4
"336","i like im",5
"337","i know youre",14
"338","dont worry ill",4
"339","rt great day",4
"340","im just gonna",6
"341","shout out to",7
"342","better late never",5
"343","boston red sox",5
"344","i couldnt tell",7
"345","im going sleep",7
"346","i really wanna",4
"347","hope everyone great",11
"348","i just wish",11
"349","follow ill follow",7
"350","just thought id",6
"351","thought id share",5
"352","i will watch",4
"353","criminal justice system",9
"354","i said i",22
"355","much i can",4
"356","just finished reading",6
"357","looking forward hearing",4
"358","i just thinking",7
"359","omg i just",4
"360","i think knew",4
"361","if i can",7
"362","please let know",16
"363","oh i just",4
"364","i think got",7
"365","im still trying",6
"366","i mean i",24
"367","all i want",10
"368","i need go",11
"369","i can see",46
"370","i thought i",89
"371","st pattys day",10
"372","ill let know",8
"373","just got little",4
"374","first day back",6
"375","i dont care",29
"376","i miss u",5
"377","i can already",4
"378","im sure will",7
"379","i dont believe",14
"380","i will come",4
"381","time i will",12
"382","i made far",4
"383","i cant tell",8
"384","i dont love",6
"385","st patricks day",20
"386","happy birthday i",8
"387","best thing ever",7
"388","anyone know good",4
"389","come see us",19
"390","thanks follow back",6
"391","i will definitely",7
"392","have fun tonight",4
"393","thanks rt have",5
"394","i will say",10
"395","now i will",11
"396","everyone go follow",5
"397","i got much",4
"398","i read i",10
"399","rt i wish",4
"400","last day class",5
"401","ready go home",4
"402","can i just",7
"403","i just love",27
"404","right now lol",12
"405","i just like",13
"406","rip dick clark",8
"407","not sure i",11
"408","im going miss",12
"409","let us know",69
"410","too bad i",4
"411","bout go sleep",4
"412","i want see",22
"413","i gotta say",4
"414","today i will",7
"415","of course i",24
"416","now im watching",4
"417","i remember i",12
"418","now i remember",5
"419","when i see",4
"420","i really like",25
"421","it may seem",6
"422","may seem like",5
"423","think i might",10
"424","i sure i",7
"425","the sun shining",5
"426","can i send",4
"427","us know think",7
"428","i really need",24
"429","days ago i",9
"430","hope everyone good",4
"431","i think use",5
"432","i dont understand",19
"433","last night im",6
"434","i think one",8
"435","good night people",5
"436","i hope i",19
"437","love i hope",5
"438","tonight cant wait",7
"439","thanks follow i",5
"440","feel like im",17
"441","time go work",4
"442","i think can",17
"443","love i can",7
"444","im gonna miss",7
"445","i need new",8
"446","i think like",5
"447","i will never",21
"448","well i hope",4
"449","civil rights act",4
"450","i got back",9
"451","happy th birthday",9
"452","make my day",4
"453","wait till next",4
"454","i wanna see",11
"455","i wont let",4
"456","cant seem get",4
"457","i just turned",4
"458","light end tunnel",5
"459","so true rt",6
"460","i didnt get",16
"461","cause i got",4
"462","that awkward moment",25
"463","two years ago",47
"464","years ago today",6
"465","how many times",8
"466","i really wish",13
"467","makes feel like",5
"468","i need get",18
"469","i know im",28
"470","you know you",4
"471","i cant remember",11
"472","helping spread word",4
"473","many things i",5
"474","things i want",6
"475","i always thought",12
"476","now im just",5
"477","you know youve",4
"478","haha i love",7
"479","i get back",10
"480","really really like",5
"481","i know right",23
"482","i love song",7
"483","time i think",12
"484","feel free share",5
"485","good morning good",4
"486","morning good morning",4
"487","the reason i",6
"488","the associated press",28
"489","the best thing",7
"490","i love music",9
"491","had great time",14
"492","show last night",7
"493","say i want",7
"494","i wasnt able",5
"495","at least i",13
"496","you know youre",6
"497","i wanna go",15
"498","wanna go home",5
"499","im pretty sure",39
"500","i didnt know",37
"501","cant get enough",10
"502","today i dont",5
"503","fall love i",4
"504","i look i",4
"505","love i know",4
"506","i can look",6
"507","have great day",15
"508","i can wait",4
"509","well i can",7
"510","i didnt see",18
"511","way start day",5
"512","want know i",5
"513","high school students",15
"514","right now im",19
"515","we great time",7
"516","u follow back",5
"517","might look like",6
"518","just got back",13
"519","like i just",14
"520","looks like i",8
"521","i cant stop",8
"522","i really enjoyed",9
"523","know i dont",12
"524","will never forget",6
"525","i follow back",6
"526","it doesnt matter",15
"527","i think need",8
"528","multiple times day",5
"529","aw thank much",4
"530","i love new",10
"531","thank much i",5
"532","im just saying",6
"533","check make sure",5
"534","make sure everything",5
"535","please i love",4
"536","and i love",8
"537","i made one",5
"538","i totally agree",6
"539","feel like going",5
"540","i can hear",10
"541","follow back i",5
"542","one week away",4
"543","last night we",7
"544","set last night",4
"545","im huge fan",7
"546","lol i love",4
"547","good thing i",6
"548","join us tomorrow",6
"549","i dont really",15
"550","thanks ff love",5
"551","welcome looking forward",4
"552","going much fun",4
"553","looks like ill",4
"554","well looks like",4
"555","i will see",10
"556","think i just",9
"557","i think time",17
"558","im getting tired",4
"559","i wouldnt mind",4
"560","i need someone",8
"561","i can rest",4
"562","ever experienced i",4
"563","i highly recommend",11
"564","ever since i",4
"565","i cant see",11
"566","since i little",6
"567","i know dont",7
"568","as much i",10
"569","much i appreciate",5
"570","will take get",4
"571","great show tonight",4
"572","what i mean",5
"573","will i ever",4
"574","i cant think",14
"575","we want make",6
"576","haha i just",4
"577","i just might",7
"578","i may may",6
"579","know i just",10
"580","green bay packers",5
"581","cant wait i",8
"582","never thought i",7
"583","just want go",4
"584","follow back please",6
"585","i go school",4
"586","have great one",4
"587","way i can",9
"588","i mean im",5
"589","dont know im",9
"590","if dont know",9
"591","know im talking",4
"592","i still dont",5
"593","life isnt finding",4
"594","year old boy",7
"595","but i want",6
"596","i want clear",4
"597","rip junior seau",4
"598","thanks new followers",4
"599","ive never seen",12
"600","metta world peace",4
"601","yeah i know",7
"602","know next time",4
"603","i can stay",4
"604","i hope youre",7
"605","so i just",12
"606","i know hes",6
"607","i absolutely love",12
"608","i love my",6
"609","say i love",10
"610","does anyone know",9
"611","think like man",12
"612","i now know",5
"613","i want spend",4
"614","thanks much i",5
"615","im going start",7
"616","on way see",4
"617","new york new",10
"618","york new york",5
"619","i really just",7
"620","really just want",5
"621","i love just",4
"622","friends i love",4
"623","i love twitter",7
"624","you guys rock",4
"625","i also think",12
"626","id love see",6
"627","oh god i",9
"628","i looking forward",15
"629","now im trying",4
"630","next time i",21
"631","time i go",4
"632","i really love",21
"633","rt i really",4
"634","i can imagine",14
"635","i want get",16
"636","i will likely",7
"637","didnt even know",16
"638","i didnt even",21
"639","will take place",20
"640","see u soon",4
"641","i thinking thing",4
"642","i just wanted",28
"643","dream come true",13
"644","rt i love",10
"645","i think might",9
"646","lol i think",7
"647","sure i think",5
"648","ive always wanted",10
"649","didnt see coming",6
"650","rt i dont",5
"651","of the year",5
"652","i used think",5
"653","i i dont",4
"654","good luck today",6
"655","you can tell",8
"656","i just realized",18
"657","right around corner",8
"658","i think ill",25
"659","though i dont",5
"660","new years eve",30
"661","matter many times",4
"662","i dont watch",4
"663","i will look",4
"664","good food good",4
"665","what great day",5
"666","and i mention",4
"667","pretty much sums",4
"668","by way i",7
"669","i hope see",9
"670","i like one",7
"671","think i found",4
"672","look forward tweets",4
"673","i need take",4
"674","home sweet home",6
"675","cant wait read",11
"676","i get go",5
"677","six months ago",6
"678","good luck tonight",5
"679","tell friends follow",5
"680","i hate im",6
"681","thanks much following",5
"682","i will admit",5
"683","give us call",4
"684","but end day",4
"685","im gonna go",14
"686","i know its",6
"687","would love see",5
"688","i just going",6
"689","pick nba draft",4
"690","i will check",9
"691","real estate agent",9
"692","its also good",4
"693","make feel better",14
"694","help get followers",4
"695","one thing i",21
"696","thing i want",5
"697","no one else",6
"698","hope youre good",4
"699","next two weeks",8
"700","hope one day",4
"701","good morning everyone",13
"702","dream last night",8
"703","last night i",34
"704","or maybe just",5
"705","when i got",10
"706","improving taxi quality",5
"707","i just thought",10
"708","i never got",9
"709","i think youre",7
"710","beyond reasonable doubt",5
"711","i need i",5
"712","things going well",5
"713","i went i",4
"714","i heard i",5
"715","come visit us",5
"716","happy cinco de",4
"717","last week i",24
"718","week i think",4
"719","if dont make",5
"720","i dont use",4
"721","lol i know",9
"722","i feel way",4
"723","i wont able",5
"724","will join us",4
"725","thanks following us",8
"726","know can help",6
"727","us know can",4
"728","time i just",5
"729","i love friends",5
"730","i cant even",21
"731","cant believe i",11
"732","i know and",5
"733","two days left",4
"734","hope going well",4
"735","merry christmas happy",4
"736","rt i like",4
"737","sounds like great",5
"738","one day time",7
"739","i better get",6
"740","keep us posted",4
"741","next year i",5
"742","sorry i missed",7
"743","people i know",11
"744","but i just",7
"745","affordable care act",6
"746","i may need",4
"747","i like i",12
"748","like i dont",13
"749","i going get",4
"750","ive ever seen",10
"751","i never one",5
"752","im going make",6
"753","civil rights movement",6
"754","i dont give",10
"755","never say never",10
"756","i love mom",7
"757","song stuck head",5
"758","best friends we",4
"759","i want put",4
"760","life right now",8
"761","i wish people",4
"762","international film festival",7
"763","i agree i",11
"764","i love one",6
"765","i really think",9
"766","really think i",6
"767","think i love",4
"768","use promo code",4
"769","us house representatives",4
"770","even though dont",4
"771","cant thank enough",6
"772","well i will",5
"773","cant wait next",9
"774","i one i",5
"775","one i love",5
"776","so i guess",8
"777","i know mean",5
"778","since i last",6
"779","dont want get",7
"780","just last week",7
"781","i dont get",32
"782","rt i just",4
"783","awesome cant wait",5
"784","just wish i",4
"785","i felt like",24
"786","can follow please",5
"787","amazing i cant",5
"788","im glad im",6
"789","makes lot sense",5
"790","i need followers",5
"791","we look forward",18
"792","im starting feel",4
"793","oh gosh i",4
"794","i wont get",5
"795","im trying figure",7
"796","thank god i",9
"797","got home work",6
"798","just got home",8
"799","dont know u",5
"800","dont know youre",4
"801","you dont know",9
"802","its never late",6
"803","almost two years",7
"804","far i like",4
"805","oops i mean",4
"806","i know feel",4
"807","dont know anything",6
"808","i also got",6
"809","people dont know",6
"810","we really appreciate",5
"811","make sure get",6
"812","do i really",5
"813","the one thing",8
"814","i just lost",4
"815","i didnt realize",10
"816","dont even want",4
"817","i want to",8
"818","love i love",6
"819","i first saw",4
"820","dont even remember",4
"821","st paddys day",4
"822","i think really",13
"823","sometimes i just",5
"824","had awesome time",5
"825","i pretty much",9
"826","couple days ago",7
"827","i will miss",8
"828","hope i get",5
"829","i really hope",21
"830","really hope i",5
"831","i think also",4
"832","you dont want",7
"833","have great time",8
"834","i still think",9
"835","i know theres",4
"836","next thing know",4
"837","in san antonio",5
"838","haha i dont",5
"839","i just hope",13
"840","thank u much",6
"841","i really appreciate",6
"842","in case i",4
"843","thats good thing",8
"844","i just wanna",15
"845","i just went",7
"846","i see people",4
"847","well i tried",4
"848","the good news",15
"849","whatever i want",6
"850","get work done",7
"851","please follow us",6
"852","chinese new year",5
"853","keep great work",8
"854","i want run",4
"855","i cant really",5
"856","i saw i",4
"857","everyone great day",5
"858","i want talk",5
"859","the thing i",13
"860","follow i love",4
"861","i love u",17
"862","love u much",6
"863","im getting ready",5
"864","let know think",9
"865","oh well i",8
"866","hope feel better",7
"867","sure i dont",4
"868","can someone tell",4
"869","dont want work",4
"870","australia new zealand",4
"871","the day i",8
"872","know need help",4
"873","us know need",7
"874","try site profile",4
"875","ha ha i",7
"876","im going bed",8
"877","even know i",6
"878","robert louis stevenson",4
"879","i hope doesnt",8
"880","much i hate",8
"881","i just know",7
"882","im sure youre",4
"883","hoping i can",4
"884","i love i",33
"885","happy hour pm",5
"886","dont waste time",7
"887","want go home",6
"888","guess i can",4
"889","i done i",7
"890","i really liked",10
"891","dont feel like",12
"892","feel like youre",5
"893","what better way",4
"894","dont know going",5
"895","did i mention",7
"896","no one ever",8
"897","i can still",11
"898","just cant get",6
"899","cause i dont",4
"900","right i think",4
"901","town hall meeting",6
"902","i will follow",5
"903","can feel like",4
"904","dont worry i",9
"905","i will take",8
"906","what i learned",4
"907","i just couldnt",8
"908","wrap head around",5
"909","dont let people",4
"910","just make sure",12
"911","i love living",4
"912","cant wait watch",7
"913","just got work",5
"914","now i can",18
"915","but i like",4
"916","first day school",8
"917","every single one",10
"918","please follow love",4
"919","please please follow",5
"920","if ever need",4
"921","i want thank",4
"922","the washington post",6
"923","can i say",8
"924","blah blah blah",10
"925","i think funny",4
"926","when i think",11
"927","time i visited",4
"928","the first time",11
"929","maybe i can",6
"930","dont even think",7
"931","chief medical officer",5
"932","it looks like",21
"933","did i miss",7
"934","i know now",8
"935","i get sleep",4
"936","i don’t even",7
"937","tonight i think",5
"938","maybe i will",6
"939","every single time",4
"940","im just getting",5
"941","can change world",4
"942","even though i",44
"943","can i help",12
"944","you can always",4
"945","come say hi",8
"946","i great time",9
"947","know i want",11
"948","mothers day mom",5
"949","god i love",5
"950","lets get followers",5
"951","i will bring",4
"952","it feels like",13
"953","see i can",13
"954","i can think",12
"955","like i can",4
"956","i didnt think",18
"957","get much better",5
"958","know i feel",9
"959","i care i",4
"960","record store day",4
"961","cant come soon",4
"962","i work hard",4
"963","this i dont",4
"964","will go away",5
"965","new york times",35
"966","sometimes i think",7
"967","back i feel",4
"968","its good back",4
"969","im so excited",4
"970","i still feel",10
"971","sad i cant",4
"972","i need one",8
"973","i also like",14
"974","role model i",5
"975","i tell i",6
"976","i used work",4
"977","thanks kind words",5
"978","i go back",8
"979","if i dont",5
"980","and i just",5
"981","late s early",8
"982","s early s",8
"983","i want hear",4
"984","pretty sure i",14
"985","happy birthday to",7
"986","happy birthday one",4
"987","great way start",13
"988","cool i love",4
"989","time i hear",5
"990","think can get",5
"991","i still need",5
"992","so glad i",7
"993","i thought u",6
"994","so i thought",9
"995","we want hear",5
"996","i remember one",4
"997","now i must",5
"998","it sounds like",8
"999","go back sleep",5
"1000","weve got great",4
"1001","i finally got",10
"1002","right now so",7
"1003","i still love",10
"1004","i thank god",5
"1005","i fall asleep",4
"1006","i will back",11
"1007","week i will",5
"1008","thanks spreading word",5
"1009","thank much support",7
"1010","i wont tell",4
"1011","call me maybe",4
"1012","ever seen life",4
"1013","i think lot",5
"1014","i thought might",7
"1015","thanks using showclix",4
"1016","we hope great",5
"1017","i will get",12
"1018","will get back",6
"1019","i love see",9
"1020","couple months ago",7
"1021","months ago i",9
"1022","i love best",4
"1023","ill follow back",4
"1024","i stay home",4
"1025","i just woke",5
"1026","said last year",4
"1027","and i will",6
"1028","i go work",4
"1029","i need start",8
"1030","now i need",7
"1031","and now i",6
"1032","i hate getting",4
"1033","nuclear power plant",4
"1034","rt i know",4
"1035","may god bless",4
"1036","follow me back",6
"1037","i can relate",7
"1038","thing i dont",4
"1039","i always miss",4
"1040","sounds like good",11
"1041","i keep telling",4
"1042","want make sure",11
"1043","yes i really",4
"1044","i cried when",5
"1045","i miss much",5
"1046","i always get",11
"1047","know im going",7
"1048","i get see",7
"1049","ill make sure",6
"1050","make sure stay",4
"1051","get real rewards",5
"1052","just watching tv",5
"1053","real rewards just",5
"1054","rewards just watching",5
"1055","i may get",4
"1056","day every day",9
"1057","can make sure",4
"1058","i just moved",6
"1059","we wish best",4
"1060","wish best luck",5
"1061","just trying get",4
"1062","one time i",6
"1063","time i got",4
"1064","year i think",7
"1065","then i remembered",4
"1066","get new one",4
"1067","but i think",29
"1068","so far good",9
"1069","i go bed",4
"1070","just dont like",7
"1071","i think people",9
"1072","and i thought",5
"1073","makes look like",4
"1074","now i think",13
"1075","i get one",7
"1076","i think everyone",9
"1077","i can guarantee",4
"1078","it takes place",4
"1079","let know im",4
"1080","i got one",6
"1081","the whole thing",10
"1082","of course can",4
"1083","mothers day gift",9
"1084","i get call",5
"1085","but i still",10
"1086","i just said",7
"1087","i still want",4
"1088","start day right",4
"1089","new york city",61
"1090","years now i",4
"1091","ill go bed",4
"1092","putting back together",4
"1093","i gotta go",6
"1094","let know youre",6
"1095","i havent heard",6
"1096","well i dont",4
"1097","thanks much rt",5
"1098","john f kennedy",10
"1099","i think important",9
"1100","can help get",5
"1101","i tried i",5
"1102","i hope everything",4
"1103","first world war",4
"1104","i actually like",4
"1105","hope i can",12
"1106","one day ill",4
"1107","i can find",11
"1108","i know my",5
"1109","happy happy birthday",4
"1110","look forward connecting",4
"1111","thing i know",6
"1112","year i dont",5
"1113","at end day",15
"1114","love you so",4
"1115","you so much",5
"1116","dont worry im",4
"1117","since last year",4
"1118","i just put",6
"1119","but i never",10
"1120","can come back",4
"1121","thanks joining us",6
"1122","know i will",11
"1123","i keep hearing",5
"1124","mom mothers day",4
"1125","i going make",4
"1126","can i see",4
"1127","i didnt really",11
"1128","i want i",8
"1129","we hope see",4
"1130","i just watched",5
"1131","i didnt want",28
"1132","will take care",5
"1133","i never want",7
"1134","but i know",9
"1135","i thinking i",9
"1136","i think weve",5
"1137","omg i cant",5
"1138","can u please",8
"1139","u please follow",5
"1140","books ive read",4
"1141","love time year",5
"1142","giving away free",7
"1143","play video games",5
"1144","i dont see",18
"1145","i am so",4
"1146","i suppose i",7
"1147","pretty sure ive",4
"1148","i started i",4
"1149","can get back",8
"1150","would love meet",4
"1151","get back work",6
"1152","lets just hope",5
"1153","thats i like",7
"1154","this rt i",4
"1155","my wife i",8
"1156","tomorrow i will",8
"1157","finished first draft",4
"1158","i say i",19
"1159","lol i like",4
"1160","really dont want",9
"1161","another day another",4
"1162","come back next",4
"1163","join us pm",4
"1164","i love show",4
"1165","now i dont",8
"1166","hope great day",8
"1167","cant wait til",6
"1168","how r u",5
"1169","i can never",4
"1170","i cant feel",5
"1171","just got done",5
"1172","time i still",4
"1173","every day i",16
"1174","i can make",22
"1175","home but i",5
"1176","i feel bad",10
"1177","i need help",8
"1178","i will tell",8
"1179","rt i miss",4
"1180","i didnt say",7
"1181","world war ii",23
"1182","follow me i",4
"1183","playing video games",6
"1184","saturday night live",4
"1185","follow i can",4
"1186","i can dm",4
"1187","first things first",4
"1188","u know u",6
"1189","just came back",4
"1190","so i went",14
"1191","i know can",5
"1192","i feel i",13
"1193","i try find",4
"1194","i can take",9
"1195","sure i can",9
"1196","well see goes",5
"1197","i feel need",5
"1198","sometimes i feel",6
"1199","i just finished",19
"1200","so much fun",6
"1201","i love youu",4
"1202","i cant keep",4
"1203","feel much better",7
"1204","i get better",4
"1205","i saw tweet",4
"1206","los angeles the",6
"1207","yes yes yes",10
"1208","is weird i",5
"1209","goes long way",5
"1210","can say i",7
"1211","we can help",6
"1212","go back work",4
"1213","no worries i",5
"1214","i dont remember",15
"1215","mind right now",7
"1216","couple weeks ago",19
"1217","well i just",8
"1218","still going strong",7
"1219","one stop shop",4
"1220","i really looking",4
"1221","really looking forward",14
"1222","just looks like",6
"1223","let everyone know",4
"1224","make feel like",11
"1225","long i can",4
"1226","i think will",20
"1227","im looking forward",27
"1228","well i still",8
"1229","everyone great weekend",4
"1230","good i got",4
"1231","hope youre enjoying",6
"1232","im going see",4
"1233","i get lot",4
"1234","day i will",8
"1235","never seen many",5
"1236","if dont like",6
"1237","left first half",4
"1238","near future i",4
"1239","to honest i",8
"1240","you know whats",7
"1241","person i know",8
"1242","i tell people",4
"1243","think i can",18
"1244","two weeks now",4
"1245","today i loved",4
"1246","hit ground running",4
"1247","i think just",11
"1248","im going try",8
"1249","getting better better",4
"1250","will interesting see",5
"1251","let know i",14
"1252","i will send",6
"1253","rt dont let",4
"1254","going right now",8
"1255","please cherry top",4
"1256","right now you",4
"1257","i hope well",5
"1258","i will always",11
"1259","the worst thing",5
"1260","i just feel",4
"1261","just feel like",6
"1262","the hunger games",21
"1263","a big thanks",6
"1264","on way home",6
"1265","will never ever",6
"1266","i got feeling",4
"1267","just like us",5
"1268","well let know",8
"1269","id say i",4
"1270","right now its",4
"1271","born this way",4
"1272","want follow back",4
"1273","i miss you",7
"1274","last night great",4
"1275","hope everything ok",4
"1276","dont let anyone",6
"1277","im just trying",8
"1278","come back i",4
"1279","will come back",9
"1280","i cant seem",5
"1281","doesnt even know",6
"1282","dont know much",11
"1283","need get back",5
"1284","really need get",7
"1285","sounds like perfect",4
"1286","los angeles lakers",6
"1287","i know ’re",4
"1288","i know i’m",5
"1289","hot chili peppers",4
"1290","like i need",12
"1291","red hot chili",4
"1292","makes sense i",4
"1293","so i know",5
"1294","i told i",25
"1295","hope see soon",7
"1296","i love people",8
"1297","i got new",5
"1298","ill go back",4
"1299","want give away",4
"1300","dont know people",7
"1301","will take time",6
"1302","rt hope see",4
"1303","dont wanna go",6
"1304","sure i will",8
"1305","want get back",5
"1306","you know im",7
"1307","sure i feel",4
"1308","i like much",5
"1309","i wanted show",5
"1310","know i think",4
"1311","i didnt mean",6
"1312","wall street journal",17
"1313","will help us",7
"1314","what i dont",4
"1315","i love way",9
"1316","look forward reading",6
"1317","dont even like",5
"1318","national institutes health",4
"1319","ive never heard",4
"1320","its something i",6
"1321","just one time",6
"1322","i swear im",4
"1323","dont want go",9
"1324","i hate school",4
"1325","i always wanted",6
"1326","i realize i",7
"1327","dont make sense",4
"1328","the girl with",5
"1329","happy thanksgiving everyone",4
"1330","please follow me",11
"1331","the short answer",4
"1332","great live music",5
"1333","can get away",5
"1334","some people just",5
"1335","no one will",10
"1336","one will ever",6
"1337","first thing morning",5
"1338","will back soon",5
"1339","i just started",8
"1340","i can go",13
"1341","and i got",11
"1342","keep good work",14
"1343","for first time",16
"1344","im happy i",7
"1345","dont think ever",5
"1346","i never seen",15
"1347","i bet will",4
"1348","follow follow back",5
"1349","i know will",17
"1350","whether i like",4
"1351","i i think",4
"1352","i can keep",8
"1353","hope great weekend",7
"1354","one best things",10
"1355","look like i",7
"1356","feel free add",5
"1357","will never get",5
"1358","oh oh oh",5
"1359","i think youll",4
"1360","cool i will",4
"1361","man i dont",4
"1362","i always say",8
"1363","i can live",5
"1364","and i dont",12
"1365","i might well",4
"1366","so happy see",4
"1367","i dont hate",8
"1368","i long time",5
"1369","just wanted say",10
"1370","if really want",4
"1371","really want get",7
"1372","know right i",5
"1373","right i want",5
"1374","the first thing",11
"1375","rt have great",5
"1376","stay tuned details",5
"1377","get back track",5
"1378","im trying get",6
"1379","trying get back",4
"1380","i can even",6
"1381","i got tired",4
"1382","cant wait start",4
"1383","it may also",4
"1384","let sit minutes",4
"1385","cant go wrong",9
"1386","dont think theres",4
"1387","thank kind words",5
"1388","i know everyone",5
"1389","sorry i know",4
"1390","see old friends",4
"1391","i guess really",4
"1392","can i sure",4
"1393","cant wait tomorrow",4
"1394","take getting used",4
"1395","why i still",4
"1396","i come home",5
"1397","time i read",4
"1398","still trying figure",7
"1399","i wanted i",6
"1400","if want something",4
"1401","buy one get",4
"1402","get one free",4
"1403","one get one",4
"1404","i like see",4
"1405","back new york",7
"1406","something i never",4
"1407","though i love",4
"1408","i cant recall",4
"1409","body hollywood body",4
"1410","hollywood body club",4
"1411","max the body",4
"1412","the body hollywood",4
"1413","trainer max the",4
"1414","us spread word",4
"1415","i mean seriously",5
"1416","i believe i",12
"1417","haha i know",6
"1418","law enforcement officers",4
"1419","dont know say",4
"1420","but i can",6
"1421","free open public",6
"1422","one i want",7
"1423","ha ha ha",5
"1424","i like think",4
"1425","no one can",10
"1426","high school i",8
"1427","looked like i",4
"1428","major league team",4
"1429","problem i dont",4
"1430","go get em",5
"1431","really dont know",5
"1432","im gonna need",6
"1433","i know ive",6
"1434","i dont blame",5
"1435","i see u",5
"1436","i just didnt",5
"1437","many years ago",11
"1438","the place i",4
"1439","i will sure",4
"1440","i havent watched",4
"1441","im going get",5
"1442","i just make",4
"1443","i go i",5
"1444","i didnt go",6
"1445","thanks follow we",4
"1446","big bang theory",4
"1447","the big bang",4
"1448","meeting new people",4
"1449","im going need",4
"1450","just say i",4
"1451","think i got",6
"1452","rt happy birthday",4
"1453","my year old",4
"1454","im just little",4
"1455","first time life",5
"1456","happy st patricks",8
"1457","that said i",10
"1458","he looks like",4
"1459","think can agree",5
"1460","make sure tell",4
"1461","if i get",5
"1462","i miss i",5
"1463","happy birthday best",4
"1464","dont forget follow",5
"1465","when i get",9
"1466","til i get",4
"1467","like im going",4
"1468","last year i",23
"1469","think i like",8
"1470","but i love",4
"1471","god bless america",5
"1472","help spread word",4
"1473","i honestly think",5
"1474","said ill say",4
"1475","i will let",6
"1476","will let know",9
"1477","i dont work",5
"1478","i need just",4
"1479","but i also",10
"1480","i realized i",19
"1481","looks like im",7
"1482","now i love",9
"1483","just gets better",4
"1484","i know u",6
"1485","lol i just",7
"1486","good things come",4
"1487","im sure ill",5
"1488","like i want",4
"1489","ok i know",5
"1490","so many people",9
"1491","united states america",4
"1492","i idea i",7
"1493","happy early birthday",4
"1494","happy new years",8
"1495","follow back d",5
"1496","something i love",4
"1497","real estate developer",5
"1498","feeling like i",4
"1499","cant wait show",5
"1500","you can find",17
"1501","many times i",8
"1502","though i can",4
"1503","dont think ill",4
"1504","i ever get",4
"1505","i still cant",12
"1506","i read book",6
"1507","like much i",4
"1508","time i i",5
"1509","i still like",4
"1510","what great way",7
"1511","my mom said",5
"1512","first time since",18
"1513","i love man",4
"1514","long time ago",19
"1515","looking forward reading",4
"1516","i will make",8
"1517","one i think",7
"1518","dinner last night",6
"1519","you can even",9
"1520","today first time",4
"1521","we need help",4
"1522","didnt want go",4
"1523","spend much time",17
"1524","time since i",4
"1525","well i got",4
"1526","the th annual",5
"1527","think i know",6
"1528","it feels good",7
"1529","u know i",7
"1530","lord jesus christ",8
"1531","way i want",6
"1532","kansas city star",5
"1533","goes without saying",9
"1534","i also enjoy",4
"1535","just know i",6
"1536","i ever read",4
"1537","i hope everyone",4
"1538","i kid i",5
"1539","i know like",8
"1540","well i think",13
"1541","i keep going",5
"1542","just wait see",4
"1543","hope youre fun",4
"1544","i hope great",4
"1545","i can smell",4
"1546","and i really",4
"1547","looking forward spending",4
"1548","the best part",9
"1549","i will probably",5
"1550","i couldnt get",7
"1551","earlier week i",4
"1552","go spurs go",5
"1553","and yes i",10
"1554","you want make",4
"1555","get well soon",5
"1556","i can tell",15
"1557","i love hear",12
"1558","years old i",7
"1559","every day like",4
"1560","i like thank",6
"1561","i just found",6
"1562","i dont mean",8
"1563","the funny thing",7
"1564","it makes happy",4
"1565","yes im going",6
"1566","im just going",6
"1567","i didnt make",4
"1568","sorry i didnt",6
"1569","will follow back",6
"1570","april fools day",4
"1571","i want say",6
"1572","looking forward great",7
"1573","so new follower",5
"1574","like i said",22
"1575","know i mean",8
"1576","thank i hope",4
"1577","im tired i",5
"1578","i got work",5
"1579","i know need",4
"1580","happy friday everyone",7
"1581","i think probably",6
"1582","though i think",6
"1583","thats good news",4
"1584","day i wish",4
"1585","i need haircut",4
"1586","doesnt get much",4
"1587","many people i",7
"1588","just want someone",4
"1589","i got i",8
"1590","so i get",5
"1591","i dont i",4
"1592","anyone else think",7
"1593","th birthday party",5
"1594","will always love",4
"1595","she said i",5
"1596","i get excited",5
"1597","just let know",11
"1598","i want watch",5
"1599","doesnt make sense",10
"1600","i cant live",4
"1601","go sleep i",4
"1602","united states the",4
"1603","going bed i",5
"1604","i felt i",11
"1605","i never heard",9
"1606","follow looking forward",4
"1607","thanks follow looking",4
"1608","sometimes i wish",6
"1609","you never know",12
"1610","theres nothing like",4
"1611","i definitely think",4
"1612","dont get wrong",9
"1613","sure i get",5
"1614","i will keep",9
"1615","nothing i can",6
"1616","i wasnt really",4
"1617","get home i",4
"1618","i get home",10
"1619","i like know",4
"1620","years ago i",33
"1621","really really good",4
"1622","you can also",13
"1623","i hope know",4
"1624","i wish id",4
"1625","i can give",7
"1626","but i really",9
"1627","said im going",6
"1628","first day i",4
"1629","i want give",8
"1630","dont know many",7
"1631","like last year",4
"1632","deep blue sea",4
"1633","win gift card",6
"1634","but im sure",4
"1635","im sure im",4
"1636","i thought going",8
"1637","i can ask",4
"1638","every single day",6
"1639","will make feel",4
"1640","came last night",5
"1641","can just go",5
"1642","love love love",4
"1643","i just trying",4
"1644","just trying make",5
"1645","i wouldnt want",6
"1646","i couldnt even",6
"1647","its like im",4
"1648","still looking forward",4
"1649","i will buy",5
"1650","portland public schools",5
"1651","happening right now",6
"1652","i need now",4
"1653","we shall see",4
"1654","just finished first",4
"1655","like everyone else",5
"1656","make sure i",9
"1657","i mean really",12
"1658","i fell asleep",6
"1659","i cant take",7
"1660","black eyed peas",4
"1661","i will continue",5
"1662","will continue i",4
"1663","i will give",14
"1664","i hope one",4
"1665","give back community",7
"1666","day i just",5
"1667","i couldnt believe",5
"1668","keep eyes open",5
"1669","like old times",4
"1670","i never said",5
"1671","please join us",6
"1672","today i hope",4
"1673","i cant watch",5
"1674","i love im",5
"1675","good morning happy",6
"1676","will never know",5
"1677","i said im",4
"1678","pretty much thing",4
"1679","lose weight i",4
"1680","i need change",6
"1681","first time ive",5
"1682","i cant imagine",8
"1683","i like talk",5
"1684","i right now",4
"1685","oh i love",6
"1686","etch a sketch",4
"1687","i love so",6
"1688","we need catch",6
"1689","i excited i",6
"1690","past two weeks",4
"1691","you may want",4
"1692","i got two",5
"1693","i know feeling",6
"1694","you can never",4
"1695","you can go",4
"1696","i definitely want",4
"1697","its going great",4
"1698","things will get",5
"1699","there nothing i",4
"1700","i ever seen",10
"1701","if i didnt",5
"1702","or maybe i",5
"1703","high school college",6
"1704","first time years",6
"1705","i guess thats",6
"1706","dont think ive",5
"1707","a months ago",4
"1708","just i can",5
"1709","i i just",4
"1710","go go go",8
"1711","let know can",9
"1712","guess i just",5
"1713","i just really",8
"1714","guess i dont",4
"1715","following look forward",4
"1716","will get better",4
"1717","back next year",4
"1718","i miss old",4
"1719","good morning world",6
"1720","christmas happy new",4
"1721","i can show",5
"1722","get better i",5
"1723","i truly hope",4
"1724","can always count",5
"1725","lol i dont",5
"1726","maybe i just",5
"1727","best thing i",6
"1728","i want one",6
"1729","shame fool twice",4
"1730","and thats i",4
"1731","know i really",4
"1732","take i can",4
"1733","now just need",4
"1734","i bet i",4
"1735","it great see",5
"1736","dont want see",5
"1737","i can better",5
"1738","excited i cant",4
"1739","you dont get",4
"1740","way i think",4
"1741","i wanted see",6
"1742","get spend time",4
"1743","i confess i",4
"1744","i must admit",12
"1745","must admit i",5
"1746","does anyone else",4
"1747","dont care i",4
"1748","i dont time",5
"1749","just wanted know",5
"1750","cant wait share",4
"1751","it took us",4
"1752","cant really tell",4
"1753","you dont need",7
"1754","get back home",4
"1755","make mistakes i",4
"1756","late last night",4
"1757","i love baby",4
"1758","just around corner",11
"1759","spend quality time",5
"1760","it seems like",17
"1761","i havent really",5
"1762","thats good idea",4
"1763","let know interested",4
"1764","and i miss",4
"1765","yes i will",4
"1766","every time someone",4
"1767","can just get",5
"1768","ralph waldo emerson",4
"1769","find i can",4
"1770","i can use",9
"1771","i find i",17
"1772","its getting harder",4
"1773","behind closed doors",8
"1774","past two months",4
"1775","city council will",4
"1776","i love watching",5
"1777","felt like i",18
"1778","never gets old",4
"1779","new york university",4
"1780","i cant explain",4
"1781","now years later",4
"1782","thought i saw",4
"1783","even i cant",5
"1784","every day im",4
"1785","i got email",5
"1786","go back bed",4
"1787","wish i wasnt",4
"1788","know i can",20
"1789","high gas prices",7
"1790","th tweet goes",4
"1791","i never knew",6
"1792","he also said",12
"1793","just now starting",4
"1794","love you too",5
"1795","good old fashioned",6
"1796","you can get",10
"1797","because i know",5
"1798","so far i",5
"1799","last night now",4
"1800","i sometimes wonder",4
"1801","can make difference",4
"1802","follow hope youre",5
"1803","hope youre entertained",4
"1804","thanks follow hope",8
"1805","youre entertained read",4
"1806","can pretty much",5
"1807","today great day",6
"1808","pretty sure im",6
"1809","i need make",8
"1810","long ago i",4
"1811","im ready get",4
"1812","it will help",4
"1813","last year so",4
"1814","dining room table",5
"1815","reading hunger games",4
"1816","new jersey nets",6
"1817","can come home",4
"1818","i can come",6
"1819","day i dont",6
"1820","i also love",11
"1821","i got call",4
"1822","meet new people",4
"1823","occupy wall street",12
"1824","i always go",4
"1825","every single thing",4
"1826","i think every",7
"1827","daily gtky question",4
"1828","i know people",13
"1829","can i find",4
"1830","i just say",9
"1831","know right now",4
"1832","we will back",4
"1833","this past week",5
"1834","new years resolution",5
"1835","great meeting today",4
"1836","i know better",4
"1837","day i can",6
"1838","the world will",4
"1839","time i come",4
"1840","cant remember last",5
"1841","remember last time",7
"1842","looking forward new",4
"1843","time last year",10
"1844","didnt feel like",5
"1845","just dont want",6
"1846","i know ’s",12
"1847","best day life",6
"1848","i just remembered",4
"1849","know i cant",6
"1850","think ill go",4
"1851","west th st",4
"1852","i ever got",7
"1853","i don’t know",59
"1854","thanks much glad",4
"1855","now i want",5
"1856","help us get",4
"1857","i can now",8
"1858","i will go",6
"1859","the walking dead",4
"1860","i need work",4
"1861","sounds like plan",4
"1862","i might just",8
"1863","today first day",6
"1864","i dont expect",6
"1865","what i want",4
"1866","first day spring",4
"1867","i cant decide",6
"1868","labor day weekend",6
"1869","know i know",11
"1870","it felt like",5
"1871","say i feel",5
"1872","see the avengers",4
"1873","oh yeah i",4
"1874","i keep getting",4
"1875","since i started",6
"1876","right now just",5
"1877","i hope good",5
"1878","and i know",7
"1879","as matter fact",5
"1880","just want say",4
"1881","i need come",4
"1882","time get back",10
"1883","tell i love",4
"1884","make look like",8
"1885","will come true",5
"1886","so i i",4
"1887","republican presidential nomination",5
"1888","want go school",4
"1889","can i borrow",4
"1890","i couldnt see",4
"1891","can join us",4
"1892","just dont see",4
"1893","every day week",5
"1894","i just bought",7
"1895","next couple days",7
"1896","no matter i",5
"1897","i need something",5
"1898","are kidding i",4
"1899","i hope find",7
"1900","i say things",4
"1901","if i say",4
"1902","enjoy beautiful weather",4
"1903","happy first day",4
"1904","i wasnt sure",7
"1905","via social media",5
"1906","since i years",5
"1907","new york state",8
"1908","can honestly say",4
"1909","i can honestly",4
"1910","i hate math",4
"1911","i just ate",7
"1912","know whats going",7
"1913","the united states",12
"1914","i will put",5
"1915","i also wanted",6
"1916","salt lake city",8
"1917","last two weeks",7
"1918","i know one",4
"1919","local high school",4
"1920","comic strip live",4
"1921","famous comic strip",4
"1922","the world famous",4
"1923","world famous comic",4
"1924","everything i can",5
"1925","new year everyone",4
"1926","things i learned",5
"1927","im hoping i",4
"1928","i hard time",5
"1929","im gonna make",5
"1930","im going give",5
"1931","think i need",7
"1932","come soon enough",4
"1933","back next week",4
"1934","one step closer",4
"1935","the last days",4
"1936","san diego state",6
"1937","osama bin laden",18
"1938","i know going",5
"1939","i can barely",4
"1940","since i got",5
"1941","if youd like",4
"1942","ive got two",4
"1943","i actually got",5
"1944","i dunno i",4
"1945","know i give",4
"1946","believe i just",4
"1947","as soon i",4
"1948","makes feel good",4
"1949","were giving away",6
"1950","sexy i know",4
"1951","dont know just",5
"1952","im really sure",5
"1953","nfc championship game",4
"1954","wanted make sure",8
"1955","i able get",7
"1956","think i able",4
"1957","we dont know",5
"1958","i decided i",22
"1959","i really hate",4
"1960","the show will",4
"1961","social media world",4
"1962","can safely say",4
"1963","i can safely",4
"1964","to day i",5
"1965","best feeling world",4
"1966","i go home",4
"1967","“i don’t know",5
"1968","i think theyre",5
"1969","i love feel",5
"1970","i havent done",7
"1971","in real life",6
"1972","i love it",6
"1973","thank thank thank",4
"1974","i cant say",5
"1975","that sounds like",5
"1976","i love everything",6
"1977","not gonna lie",5
"1978","i can handle",4
"1979","soon i can",4
"1980","made day i",4
"1981","i will still",11
"1982","way i know",4
"1983","i can feel",8
"1984","i love hot",5
"1985","see yall tomorrow",4
"1986","i spent hours",4
"1987","i really cant",4
"1988","this first time",13
"1989","i can play",4
"1990","hopefully i can",8
"1991","so i think",8
"1992","id really like",4
"1993","miles per hour",6
"1994","youre going get",6
"1995","best i can",5
"1996","i think yes",4
"1997","next week will",4
"1998","i will ever",6
"1999","like i love",5
"2000","i much fun",5
"2001","i will love",6
"2002","now time get",5
"2003","time get ready",6
"2004","i stayed home",6
"2005","portland police bureau",5
"2006","take good care",5
"2007","i feel pain",8
"2008","so im going",4
"2009","got spend time",4
"2010","go long way",7
"2011","last couple weeks",4
"2012","just sent email",4
"2013","i know many",8
"2014","yes i know",16
"2015","senior vice president",10
"2016","things i think",6
"2017","think i will",8
"2018","think i may",7
"2019","i see i",6
"2020","i always feel",4
"2021","year old girl",4
"2022","make sure dont",4
"2023","high school girls",4
"2024","sorry i dont",5
"2025","something along lines",6
"2026","i will begin",4
"2027","super bowl ring",4
"2028","i little girl",4
"2029","thing i ever",5
"2030","i need good",5
"2031","i went bed",4
"2032","i love making",4
"2033","i wanted get",8
"2034","i love smell",4
"2035","and i like",4
"2036","i just now",4
"2037","i i want",5
"2038","york new jersey",4
"2039","i thought people",4
"2040","i cant help",12
"2041","i really wanted",15
"2042","and i think",13
"2043","i think id",7
"2044","i wonder many",5
"2045","next time ill",4
"2046","i know lots",5
"2047","i think pretty",5
"2048","i good time",4
"2049","just getting started",4
"2050","im quite sure",5
"2051","come hang us",4
"2052","i wanted share",4
"2053","i dont make",6
"2054","look forward hearing",4
"2055","i remember correctly",7
"2056","if i remember",4
"2057","little bit i",5
"2058","i love little",5
"2059","i dont miss",4
"2060","life i can",5
"2061","we need work",4
"2062","time i get",4
"2063","just go back",4
"2064","that doesnt mean",8
"2065","the good thing",7
"2066","see tweet im",4
"2067","i think going",5
"2068","just fun i",5
"2069","spend rest life",4
"2070","it goes without",6
"2071","good morning i",4
"2072","know i need",5
"2073","eight years ago",6
"2074","i feel good",5
"2075","time i feel",5
"2076","since i cant",5
"2077","i feel great",4
"2078","in new york",4
"2079","i really really",11
"2080","really really really",6
"2081","new england patriots",11
"2082","all i know",5
"2083","ill never get",4
"2084","just wanted share",4
"2085","but i thought",5
"2086","i i got",4
"2087","years since i",7
"2088","i know fact",5
"2089","see whats going",4
"2090","let know want",5
"2091","i feel better",7
"2092","i can understand",10
"2093","we dont need",4
"2094","it doesnt stop",4
"2095","id like think",7
"2096","like nobody else",4
"2097","one way another",6
"2098","i thoroughly enjoyed",4
"2099","i hope im",4
"2100","say im going",4
"2101","things i love",6
"2102","many people like",5
"2103","i found one",5
"2104","st patrick’s day",4
"2105","day i still",4
"2106","end day i",4
"2107","there many things",7
"2108","one best ways",5
"2109","please contact us",4
"2110","i keep thinking",4
"2111","why didnt i",4
"2112","i pretty good",5
"2113","doesnt seem like",6
"2114","the next day",19
"2115","wish happy birthday",4
"2116","next week ill",4
"2117","want come back",4
"2118","i trying get",4
"2119","i think best",4
"2120","looking forward tweets",5
"2121","i decided make",15
"2122","looking back i",5
"2123","job well done",5
"2124","and i cant",4
"2125","least i can",5
"2126","you can add",6
"2127","i can remember",11
"2128","said i hope",6
"2129","go back school",4
"2130","i also know",4
"2131","i dont plan",4
"2132","i know likes",4
"2133","day i think",6
"2134","last month i",5
"2135","i also want",6
"2136","will able see",4
"2137","think i dont",4
"2138","cant live without",6
"2139","things i can",5
"2140","got little bit",5
"2141","i get i",5
"2142","world trade center",11
"2143","good i cant",4
"2144","just way i",5
"2145","dont know whats",4
"2146","i never saw",8
"2147","the bad news",5
"2148","nearly years ago",4
"2149","back i can",5
"2150","i look back",13
"2151","look back i",4
"2152","a lot people",11
"2153","now i feel",4
"2154","i love the",5
"2155","los angeles ca",4
"2156","thoughts prayers family",4
"2157","i get new",4
"2158","i can actually",4
"2159","deathly hallows part",4
"2160","i much like",4
"2161","back now i",4
"2162","now i hope",4
"2163","mayor cory booker",5
"2164","im excited see",6
"2165","good way start",4
"2166","it didnt work",5
"2167","i decided take",8
"2168","i think may",5
"2169","i i know",7
"2170","air space museum",4
"2171","dont think can",7
"2172","us chamber commerce",4
"2173","like nice guy",4
"2174","one favorite places",4
"2175","id like see",8
"2176","will ever know",4
"2177","what look like",4
"2178","high blood pressure",5
"2179","since beginning year",4
"2180","so stay tuned",4
"2181","though i guess",4
"2182","susan g komen",5
"2183","i really feel",5
"2184","maybe i get",5
"2185","i hope enjoy",10
"2186","im really looking",7
"2187","credit cards accepted",6
"2188","right next door",6
"2189","marriage man woman",4
"2190","what can i",8
"2191","if youre looking",6
"2192","you don’t need",4
"2193","kansas city mo",4
"2194","i can i",7
"2195","we need talk",4
"2196","come long way",8
"2197","but now i",9
"2198","look forward working",4
"2199","one man one",4
"2200","i know ’ll",4
"2201","next one will",5
"2202","just one year",4
"2203","every five years",4
"2204","chocolate chip cookies",5
"2205","get wrong i",4
"2206","air force base",6
"2207","rt i will",4
"2208","long story short",4
"2209","i huge fan",4
"2210","ll cool j",4
"2211","downtown st louis",4
"2212","but i read",4
"2213","i good i",5
"2214","but honestly i",4
"2215","it takes time",7
"2216","wish i i",4
"2217","emergency medical services",4
"2218","will never give",4
"2219","high school the",5
"2220","im going back",5
"2221","i didn’t know",15
"2222","in fact i",24
"2223","can also use",4
"2224","take charge indy",4
"2225","time i can",5
"2226","hair blue eyes",5
"2227","i got little",6
"2228","i try get",9
"2229","if theres one",4
"2230","president george w",6
"2231","better anyone else",4
"2232","but i will",7
"2233","i just think",8
"2234","i years old",8
"2235","couple years ago",13
"2236","i will able",8
"2237","will able make",6
"2238","i loved i",5
"2239","i spent time",7
"2240","season ticket holder",4
"2241","i see one",5
"2242","last three years",9
"2243","but i feel",4
"2244","cant help i",4
"2245","first place i",4
"2246","and i wonder",4
"2247","red white blue",10
"2248","the last time",16
"2249","three days ago",4
"2250","time i make",4
"2251","music i love",4
"2252","ill have another",5
"2253","i dont recognize",4
"2254","i think much",5
"2255","vanilla ice cream",4
"2256","get way i",5
"2257","long long time",5
"2258","i got kicked",4
"2259","bad i really",4
"2260","no one knows",5
"2261","three days i",4
"2262","circuit court appeals",5
"2263","dont want take",4
"2264","i went back",12
"2265","dont think much",4
"2266","thought i go",4
"2267","said i put",4
"2268","in fact one",5
"2269","want go back",8
"2270","what i love",4
"2271","honestly i think",4
"2272","i will post",9
"2273","four year old",8
"2274","two months ago",5
"2275","im really excited",5
"2276","lets see can",4
"2277","i think theres",4
"2278","now i understand",4
"2279","the game will",4
"2280","says i dont",7
"2281","and i see",5
"2282","like i i",5
"2283","use social media",4
"2284","im sorry im",4
"2285","whatever i can",5
"2286","i wanted go",4
"2287","every day year",5
"2288","time i used",5
"2289","i hope wonderful",4
"2290","i still get",5
"2291","early morning hours",5
"2292","i think i’m",6
"2293","bin laden dead",4
"2294","you can still",7
"2295","i can talk",5
"2296","one last time",4
"2297","time i start",4
"2298","thought i share",6
"2299","i also use",4
"2300","get things done",5
"2301","whats going happen",4
"2302","i wrote i",4
"2303","live long enough",4
"2304","new york post",4
"2305","years ago we",4
"2306","i will share",5
"2307","st louis cardinals",7
"2308","pirates band misfits",4
"2309","just little bit",10
"2310","i happy i",5
"2311","i think ’s",29
"2312","many times many",4
"2313","doors open pm",5
"2314","next year will",6
"2315","us next year",4
"2316","will look like",4
"2317","can get involved",4
"2318","i know exactly",7
"2319","can make money",4
"2320","far i can",6
"2321","spent much time",6
"2322","i will live",5
"2323","one day i",18
"2324","kim jong il",5
"2325","going back forth",6
"2326","i didnt like",5
"2327","i know several",4
"2328","first thing i",7
"2329","will get chance",4
"2330","thursday friday saturday",4
"2331","like i really",4
"2332","looking forward next",5
"2333","tell right now",4
"2334","doesnt happen often",4
"2335","whole new level",4
"2336","i will return",6
"2337","like i never",4
"2338","first time history",4
"2339","long time i",13
"2340","wall street protesters",5
"2341","will never go",5
"2342","i started thinking",6
"2343","when i kid",6
"2344","have wonderful weekend",4
"2345","on way back",6
"2346","time i saw",5
"2347","like first time",4
"2348","you can make",7
"2349","high school kids",4
"2350","something look forward",4
"2351","didnt say anything",7
"2352","i came home",4
"2353","as i look",4
"2354","i walked i",5
"2355","i don’t want",25
"2356","though i don’t",4
"2357","i went see",8
"2358","i think definitely",6
"2359","one reason another",4
"2360","i don’t think",45
"2361","at one point",22
"2362","i didn’t want",13
"2363","one point i",5
"2364","said i dont",16
"2365","i don’t really",10
"2366","two days i",5
"2367","i don’t need",5
"2368","i grew i",4
"2369","at first i",11
"2370","it seemed like",9
"2371","preheat oven degrees",13
"2372","i figured i",7
"2373","one year ago",7
"2374","don’t think i",7
"2375","i also found",6
"2376","i decided go",4
"2377","will go back",5
"2378","i can’t get",4
"2379","now i can’t",4
"2380","i really didnt",5
"2381","if i wanted",4
"2382","can go wrong",4
"2383","los angeles times",16
"2384","will able get",4
"2385","help us remember",4
"2386","i didn’t get",5
"2387","i came i",6
"2388","republican presidential candidates",4
"2389","as i mentioned",7
"2390","i like idea",5
"2391","i can guess",4
"2392","as i walked",4
"2393","you can see",18
"2394","how i know",7
"2395","so now i",7
"2396","i try hard",4
"2397","i thought id",10
"2398","weeks ago i",16
"2399","i don’t see",7
"2400","last year first",4
"2401","united states canada",4
"2402","i wanted make",9
"2403","i will posting",5
"2404","mind i think",4
"2405","got home i",7
"2406","said i didnt",4
"2407","said i want",7
"2408","first couple weeks",4
"2409","it doesn’t matter",5
"2410","food processor pulse",4
"2411","don’t think ’s",10
"2412","i just don’t",8
"2413","item b pp",6
"2414","i want just",4
"2415","i hope will",9
"2416","i truly believe",8
"2417","i just needed",4
"2418","the next morning",7
"2419","it really fun",4
"2420","at moment i",4
"2421","get act together",4
"2422","make matters worse",5
"2423","for one thing",5
"2424","i couldnt help",10
"2425","i forgive i",4
"2426","i still don’t",4
"2427","the article also",4
"2428","i can’t help",7
"2429","time i felt",5
"2430","went back work",5
"2431","you can read",11
"2432","brooklyn historical society",4
"2433","i thought i’d",8
"2434","early th century",10
"2435","new york ny",13
"2436","i remember feeling",4
"2437","i started reading",4
"2438","i know god",4
"2439","us supreme court",11
"2440","lucky winner will",4
"2441","a couple months",4
"2442","about years ago",4
"2443","i actually found",4
"2444","so i decided",7
"2445","chief financial officer",6
"2446","i doubt i",8
"2447","i never felt",8
"2448","for reason i",5
"2449","didn’t really know",4
"2450","i didn’t really",9
"2451","round nfl draft",4
"2452","just two years",4
"2453","today i thought",4
"2454","need make sure",5
"2455","i’m sure i",8
"2456","first two years",4
"2457","in th century",4
"2458","world war i",5
"2459","going happen i",5
"2460","im going share",4
"2461","although i think",4
"2462","step right direction",5
"2463","know i don’t",4
"2464","spoke condition anonymity",6
"2465","chicago white sox",4
"2466","the menu changes",4
"2467","this time i",5
"2468","every year i",7
"2469","i never watched",4
"2470","by time i",6
"2471","next morning i",6
"2472","pope benedict xvi",5
"2473","you will find",6
"2474","i first started",9
"2475","when i first",10
"2476","in large bowl",7
"2477","large bowl combine",5
"2478","high school graduation",5
"2479","i went work",5
"2480","at point i",7
"2481","i will also",4
"2482","one day week",4
"2483","we went back",5
"2484","much i wanted",4
"2485","i still lot",4
"2486","also good idea",6
"2487","doesn’t sound like",4
"2488","i lucky enough",13
"2489","know ’s going",7
"2490","six years ago",6
"2491","i didnt take",4
"2492","first i thought",7
"2493","in many ways",7
"2494","i wanted something",4
"2495","i know far",4
"2496","earlier year the",4
"2497","now i really",4
"2498","i now i",7
"2499","don’t know i",13
"2500","didnt take long",6
"2501","two weeks ago",23
"2502","three years ago",17
"2503","st louis area",12
"2504","i decided use",5
"2505","cook medium heat",4
"2506","roller coaster ride",6
"2507","said i love",6
"2508","i needed make",4
"2509","i also used",5
"2510","my minds eye",5
"2511","so today i",4
"2512","i think fact",5
"2513","i especially like",4
"2514","something i can",4
"2515","g protein g",10
"2516","something like i",6
"2517","said “i think",4
"2518","i wanted write",4
"2519","i found i",8
"2520","special place heart",6
"2521","it will make",5
"2522","gross domestic product",7
"2523","year ago i",6
"2524","a weeks ago",8
"2525","i also made",5
"2526","year last year",4
"2527","as can see",13
"2528","can see i",7
"2529","if i go",5
"2530","i want share",5
"2531","so i got",4
"2532","i never really",8
"2533","although i don’t",4
"2534","i find fascinating",4
"2535","said ive got",4
"2536","i afraid i",4
"2537","i think i’ve",5
"2538","yet i know",4
"2539","know now i",4
"2540","i pleasantly surprised",4
"2541","i used make",4
"2542","the important thing",7
"2543","never looked back",4
"2544","this year i",8
"2545","something i haven’t",4
"2546","the supreme court",4
"2547","when i started",7
"2548","million per year",4
"2549","senior year high",4
"2550","year high school",6
"2551","the new york",18
"2552","day i got",5
"2553","city i love",4
"2554","overall i think",4
"2555","thought i going",4
"2556","needless say i",6
"2557","but every time",4
"2558","extremely loud incredibly",4
"2559","loud incredibly close",4
"2560","i think quite",4
"2561","i think ’re",5
"2562","i hope guys",5
"2563","on one hand",6
"2564","days i can",4
"2565","when i asked",6
"2566","this morning i",11
"2567","the problem i",5
"2568","like i used",4
"2569","so i asked",4
"2570","the first two",5
"2571","then i got",4
"2572","for whatever reason",4
"2573","the wall street",6
"2574","i know life",4
"2575","i can’t see",4
"2576","last couple years",7
"2577","i thought maybe",5
"2578","i looked like",5
"2579","as i wrote",4
"2580","i’m pretty sure",10
"2581","back home i",4
"2582","i make i",4
"2583","it doesn’t really",4
"2584","several years ago",16
"2585","senate majority leader",4
"2586","last year but",4
"2587","books i read",4
"2588","human rights commission",5
"2589","“i love ”",4
"2590","two years i",4
"2591","i don’t care",6
"2592","i don’t like",9
"2593","i used two",4
"2594","just cant wait",4
"2595","less two weeks",4
"2596","and even though",4
"2597","i know lot",5
"2598","two weeks the",4
"2599","i like able",4
"2600","i never experienced",4
"2601","i will need",6
"2602","didn’t take long",6
"2603","seven years ago",6
"2604","court records show",6
"2605","the university chicago",6
"2606","know i said",4
"2607","when i arrived",4
"2608","i took picture",4
"2609","court criminal appeals",5
"2610","so can imagine",5
"2611","range million million",4
"2612","in recent years",10
"2613","in end i",8
"2614","late last year",11
"2615","i can’t wait",8
"2616","executive director new",4
"2617","of course ’s",6
"2618","a years ago",8
"2619","this past weekend",4
"2620","last two years",10
"2621","at time i",7
"2622","i really thought",5
"2623","i wasn’t sure",5
"2624","little bit like",4
"2625","i realised i",7
"2626","i came across",14
"2627","i just get",4
"2628","minutes per side",4
"2629","season salt pepper",6
"2630","when i i",4
"2631","then i saw",4
"2632","i haven’t seen",5
"2633","on friday night",4
"2634","just one thing",5
"2635","i ever made",5
"2636","large mixing bowl",4
"2637","in medium bowl",5
"2638","open pm daily",6
"2639","i wanted tell",4
"2640","since i know",4
"2641","when came time",4
"2642","i think know",4
"2643","two years later",12
"2644","said i get",4
"2645","a couple weeks",7
"2646","i can’t believe",7
"2647","right now i’m",4
"2648","incorporated item c",8
"2649","item c pp",8
"2650","i left i",4
"2651","i dont much",4
"2652","said i can",4
"2653","a days ago",5
"2654","high school level",4
"2655","years later i",7
"2656","next day i",9
"2657","california state university",6
"2658","late s s",4
"2659","dow jones industrial",8
"2660","jones industrial average",7
"2661","i tried stay",4
"2662","i sure will",5
"2663","one things i",8
"2664","i felt necessary",4
"2665","day i found",4
"2666","this week i",9
"2667","i couldnt figure",4
"2668","past five years",6
"2669","chief operating officer",8
"2670","i will add",4
"2671","ok i can",4
"2672","going look like",4
"2673","its first time",5
"2674","thought i might",5
"2675","according police report",4
"2676","i guess ’s",5
"2677","the bottom line",7
"2678","one another i",4
"2679","i just felt",5
"2680","just felt like",6
"2681","make world better",4
"2682","world better place",5
"2683","time i even",4
"2684","a days later",4
"2685","night i went",4
"2686","i also thought",5
"2687","since i first",4
"2688","several weeks ago",4
"2689","last several years",6
"2690","get job done",4
"2691","the team also",4
"2692","federal appeals court",4
"2693","last two days",5
"2694","first time ever",4
"2695","as i said",9
"2696","level playing field",5
"2697","omega fatty acids",4
"2698","i wouldn’t want",4
"2699","centers disease control",7
"2700","i can’t even",8
"2701","i first heard",4
"2702","in mean time",5
"2703","i just knew",4
"2704","i going go",8
"2705","rise warm place",4
"2706","i’d love hear",4
"2707","i knew something",5
"2708","week i went",4
"2709","it may take",4
"2710","“i don’t think",4
"2711","the new jersey",4
"2712","right away i",5
"2713","knew something wrong",4
"2714","i know sounds",7
"2715","i’m sure ’s",7
"2716","social networking sites",7
"2717","make feel good",4
"2718","former house speaker",4
"2719","i can’t imagine",4
"2720","incorporated item b",4
"2721","even now i",4
"2722","blogs i follow",5
"2723","my husband i",5
"2724","super bowl xlvi",4
"2725","a week ago",4
"2726","i think now",4
"2727","ground black pepper",4
"2728","i decided try",5
"2729","illinois incorporated item",5
"2730","years ago the",8
"2731","end last year",5
"2732","it wasn’t i",4
"2733","red bell pepper",4
"2734","three weeks ago",4
"2735","the end result",5
"2736","i think part",5
"2737","dont think anyone",5
"2738","killing osama bin",4
"2739","don’t even know",5
"2740","ago i got",6
"2741","next two years",6
"2742","the way i",5
"2743","spend lot time",4
"2744","in small bowl",4
"2745","back forth i",4
"2746","countries around world",4
"2747","patient protection affordable",4
"2748","feel like home",4
"2749","take look around",4
"2750","seen anything like",5
"2751","just didnt want",4
"2752","never thought i’d",6
"2753","the city will",4
"2754","decide whether want",4
"2755","year old son",5
"2756","today i want",4
"2757","come back tell",4
"2758","next four years",5
"2759","president barack obama",31
"2760","next school year",5
"2761","didn’t even know",4
"2762","many years i",4
"2763","new york rangers",7
"2764","for information visit",4
"2765","i pretty sure",4
"2766","secretary state hillary",5
"2767","know i got",4
"2768","i felt good",4
"2769","us district court",11
"2770","us district judge",14
"2771","feel good i",4
"2772","once upon time",5
"2773","miles per gallon",5
"2774","past two years",15
"2775","now i going",4
"2776","the wizard oz",4
"2777","for long time",4
"2778","im lucky i",4
"2779","i think good",10
"2780","food drug administration",6
"2781","past week i",5
"2782","back high school",5
"2783","four years later",6
"2784","in fact according",4
"2785","but last week",4
"2786","tens thousands dollars",5
"2787","anything else i",4
"2788","fact i will",4
"2789","i didn’t even",6
"2790","but i knew",4
"2791","a minutes later",4
"2792","’re going get",5
"2793","almost three years",5
"2794","still dont know",5
"2795","past couple weeks",4
"2796","will also feature",5
"2797","almost every day",5
"2798","every three years",4
"2799","fish wildlife service",4
"2800","us fish wildlife",4
"2801","something i will",4
"2802","blog i will",4
"2803","it didn’t take",4
"2804","i mean ’s",4
"2805","people dont like",4
"2806","but i believe",4
"2807","i came back",6
"2808","will never able",4
"2809","far i know",5
"2810","time ago i",4
"2811","two three times",7
"2812","we also made",4
"2813","and i don’t",4
"2814","it first time",7
"2815","said i never",6
"2816","yes i think",7
"2817","the two men",5
"2818","president chief executive",5
"2819","he said i",4
"2820","high school she",4
"2821","golden gate bridge",7
"2822","didnt know i",7
"2823","going work hard",4
"2824","— i think",4
"2825","credit card debt",5
"2826","for example i",4
"2827","level mp cost",4
"2828","in high school",5
"2829","past four years",6
"2830","white house spokesman",4
"2831","the first day",4
"2832","years back i",4
"2833","the cost per",4
"2834","spent lot time",8
"2835","at least one",5
"2836","just like i",6
"2837","ten years ago",4
"2838","least three times",4
"2839","university science technology",4
"2840","like many others",4
"2841","but right now",6
"2842","… i don’t",4
"2843","east th street",5
"2844","i get sense",4
"2845","thing i get",4
"2846","way i wanted",4
"2847","five years ago",19
"2848","the next step",4
"2849","i think kids",4
"2850","in many cases",5
"2851","guinness world records",5
"2852","north carolina state",5
"2853","federal state local",6
"2854","for information call",12
"2855","local law enforcement",5
"2856","three times week",5
"2857","pacific gas electric",5
"2858","long time get",4
"2859","said i just",8
"2860","said we need",9
"2861","johns hopkins university",6
"2862","department homeland security",5
"2863","mayor michael bloomberg",4
"2864","new york mayor",4
"2865","in short term",4
"2866","minutes remove heat",5
"2867","chief executive officer",9
"2868","first six months",4
"2869","which brings us",4
"2870","the white house",4
"2871","last year said",6
"2872","four months ago",5
"2873","us department agriculture",4
"2874","pm sunday pm",4
"2875","saturday pm sunday",5
"2876","four years ago",15
"2877","the los angeles",5
"2878","the event will",4
"2879","new years day",4
"2880","law enforcement officials",7
"2881","the two sides",4
"2882","health care reform",5
"2883","national weather service",11
"2884","yards per game",9
"2885","gov john kasich",7
"2886","county democratic party",4
"2887","pdt washington ap",5
"2888","immigration customs enforcement",4
"2889","period last year",4
"2890","st louis county",23
"2891","calories g protein",6
"2892","carbohydrate g g",5
"2893","cholesterol mg sodium",6
"2894","g carbohydrate g",8
"2895","g g saturated",8
"2896","g saturated mg",5
"2897","mg cholesterol mg",4
"2898","mg sodium g",6
"2899","per serving calories",6
"2900","protein g carbohydrate",7
"2901","saturated mg cholesterol",5
"2902","serving calories g",5
"2903","sodium g fiber",6
"2904","attorney generals office",8
"2905","runners scoring position",5
"2906","president barack obamas",9
"2907","driving suspended license",4
"2908","the city council",4
"2909","fire protection district",4
"2910","fiber mg sodium",4
"2911","deputy district attorney",6
"2912","former massachusetts governor",9
"2913","arizona state university",6
"2914","city council members",6
"2915","county superior court",5
"2916","said last week",11
"2917","may pm edt",5
"2918","city police department",4
"2919","the dow jones",4
"2920","downtown los angeles",7
"2921","county circuit court",5
"2922","super bowl xlii",5
"2923","the obama administration",4
"2924","gov jon corzine",4
"2925","coach nate mcmillan",5
"2926","american civil liberties",4
"2927","civil liberties union",4
"2928","its hard say",4
"2929","the plain dealer",21
"2930","county sheriffs office",4
"2931","jersey city police",4
"2932","hes got lot",4
"2933","hillary rodham clinton",4
"2934","new mexico state",4
"2935","environmental protection agency",7
"2936","us environmental protection",5
"2937","gov chris christie",22
"2938","county coroners office",4
"2939","yard touchdown pass",4
"2940","disease control prevention",4
"2941","percent last year",13
"2942","st charles county",9
"2943","said but i",10
"2944","told associated press",5
"2945","said we really",4
"2946","it wasnt just",4
"2947","will held pm",4
"2948","points per game",10
"2949","points rebounds per",4
"2950","rebounds per game",6
"2951","right now said",5
"2952","past three years",5
"2953","rock roll hall",9
"2954","roll hall fame",8
"2955","southern new jersey",5
"2956","said “but i",4
"2957","the plain dealers",8
"2958","us attorneys office",5
"2959","new york giants",5
"2960","minister benjamin netanyahu",4
"2961","prime minister benjamin",4
"2962","michael drewniak said",4
"2963","spokesman michael drewniak",6
"2964","assistant us attorney",9
"2965","averaged points rebounds",8
"2966","points rebounds assists",5
"2967","games last season",6
"2968","school board president",4
"2969","q how many",4
"2970","cents per share",15
"2971","per share first",4
"2972","performing arts center",4
"2973","new jersey state",7
"2974","district attorneys office",4
"2975","high school sports",6
"2976","sports hall fame",4
"2977","attorneys office said",4
"2978","fort zumwalt west",4
"2979","city officials said",7
"2980","st louis public",4
"2981","securities exchange commission",5
"2982","bureau labor statistics",4
"2983","tommy john surgery",4
"2984","plain dealer reporter",6
"2985","said i think",19
"2986","the national weather",5
"2987","separation church state",4
"2988","last five games",4
"2989","business network international",5
"2990","for information contact",4
"2991","executive vice president",10
"2992","said he said",6
"2993","years ago said",5
"2994","cleveland ohio the",9
"2995","transportation security administration",4
"2996","west th street",7
"2997","county prosecutor’s office",10
"2998","earnings per share",5
"2999","hundreds thousands dollars",4
"3000","the company said",5
"3001","said conference call",7
"3002","four home runs",4
"3003","home runs rbis",5
"3004","city st louis",9
"3005","new york —",8
"3006","tens millions dollars",5
"3007","people new jersey",4
"3008","million last year",6
"3009","county police department",4
"3010","st charles west",5
"3011","last month the",5
"3012","early third quarter",5
"3013","oregon state university",6
"3014","county sheriffs department",5
"3015","the federal government",5
"3016","big ten tournament",4
"3017","said prepared statement",4
"3018","day disabled list",4
"3019","superior court judge",13
"3020","the kings speech",4
"3021","find common ground",4
"3022","told the associated",7
"3023","health care law",8
"3024","veterans foreign wars",4
"3025","case western reserve",6
"3026","western reserve university",7
"3027","new meadowlands stadium",4
"3028","last year percent",6
"3029","new jersey said",4
"3030","whigham funeral home",4
"3031","state police spokesman",4
"3032","— even though",4
"3033","santa clara university",4
"3034","state officials said",4
"3035","state local governments",4
"3036","last year the",5
"3037","we didnt want",4
"3038","gov chris christie’s",4
"3039","southern illinois university",4
"3040","said news conference",5
"3041","yards one touchdown",4
"3042","nfl commissioner roger",4
"3043","gov mark dayton",5
"3044","thursday pm friday",4
"3045","first three years",4
"3046","us department justice",4
"3047","the st louis",10
"3048","us attorney’s office",4
"3049","county community college",4
"3050","million cents per",5
"3051","million per share",4
"3052","department health human",4
"3053","health human services",4
"3054","major league baseball",4
"3055","sales rose percent",5
"3056","offensive line coach",6
"3057","sen john mccain",6
"3058","cuyahoga county commissioner",5
"3059","former cuyahoga county",7
"3060","last season he",4
"3061","hes really good",5
"3062","initial public offering",4
"3063","ohio state university",4
"3064","internal revenue service",4
"3065","said you cant",4
"3066","district officials said",5
"3067","army corps engineers",5
"3068","certified public accountant",4
"3069","said written statement",8
"3070","st louis district",4
"3071","past two seasons",5
"3072","greenhouse gas emissions",6
"3073","the home sold",5
"3074","mitt romney said",4
"3075","medical examiners office",6
"3076","— a yearold",4
"3077","nominee mitt romney",4
"3078","across united states",4
"3079","department natural resources",4
"3080","told the starledger",4
"3081","st square feet",6
"3082","two days later",5
"3083","american red cross",5
"3084","contra costa county",5
"3085","public utilities commission",4
"3086","bushera tax cuts",6
"3087","chief investment officer",5
"3088","st louis said",4
"3089","state athletic director",4
"3090","according court records",8
"3091","supreme court ruled",4
"3092","south st louis",7
"3093","gas electric co",4
"3094","million general fund",4
"3095","los angeles clippers",5
"3096","girl with dragon",4
"3097","high school senior",4
"3098","school board members",4
"3099","the denver post",4
"3100","feet inches tall",7
"3101","director new jersey",4
"3102","short time later",5
"3103","weve got get",4
"3104","defense marriage act",4
"3105","state supreme court",7
"3106","attorney general’s office",5
"3107","new york jets",4
"3108","st louis university",7
"3109","county prosecutors office",4
"3110","unified school district",4
"3111","health care system",5
"3112","trenton — the",4
"3113","late last week",4
"3114","junior high school",4
"3115","department public safety",9
"3116","the justice department",4
"3117","newark mayor cory",4
"3118","police said the",4
"3119","hours pm monday",4
"3120","said we dont",5
"3121","month last year",4
"3122","caught passes yards",4
"3123","the question whether",5
"3124","mayor sam adams",6
"3125","portland mayor sam",4
"3126","jersey journal reports",4
"3127","the jersey journal",4
"3128","new york stock",9
"3129","york stock exchange",9
"3130","the baltimore sun",5
"3131","billion last year",4
"3132","next three years",5
"3133","health care costs",4
"3134","compared last year",4
"3135","new york yankees",5
"3136","coach chip kelly",4
"3137","gov ted kulongoski",4
"3138","first three months",4
"3139","three months year",5
"3140","new jersey turnpike",4
"3141","emergency management agency",4
"3142","gov chris christies",5
"3143","scored two goals",7
"3144","said news release",4
"3145","san mateo county",5
"3146","we will continue",4
"3147","east st louis",7
"3148","manager mike matheny",5
"3149","coach john spencer",5
"3150","said phone interview",4
"3151","a year ago",5
"3152","according court documents",6
"3153","per diluted share",4
"3154","senate judiciary committee",5
"3155","th congressional district",5
"3156","ford motor co",4
"3157","secretary timothy geithner",4
"3158","treasury secretary timothy",4
"3159","high school he",4
"3160","said we just",4
"3161","federal trade commission",4
"3162","national league west",4
